Rainfall,Year,Month,Area
97.4,2000,January,Australia
112.8375,2000,February,Australia
100.075,2000,March,Australia
80.3125,2000,April,Australia
48.55,2000,May,Australia
38.2875,2000,June,Australia
56.8875,2000,July,Australia
50.175,2000,August,Australia
41.7625,2000,September,Australia
69.225,2000,October,Australia
68.8,2000,November,Australia
49.225,2000,December,Australia
61.2375,2001,January,Australia
113.95,2001,February,Australia
107.1875,2001,March,Australia
50.075,2001,April,Australia
82.725,2001,May,Australia
42.75,2001,June,Australia
69.2875,2001,July,Australia
57.35,2001,August,Australia
44.1625,2001,September,Australia
61.675,2001,October,Australia
88.3,2001,November,Australia
56.675,2001,December,Australia
58.6375,2002,January,Australia
140.475,2002,February,Australia
66.625,2002,March,Australia
41.2,2002,April,Australia
51.95,2002,May,Australia
55.3125,2002,June,Australia
39,2002,July,Australia
42.675,2002,August,Australia
47.0875,2002,September,Australia
24.8625,2002,October,Australia
48.3125,2002,November,Australia
45.5875,2002,December,Australia
67.7,2003,January,Australia
154.9625,2003,February,Australia
80.9125,2003,March,Australia
61.225,2003,April,Australia
90.325,2003,May,Australia
68.775,2003,June,Australia
55.1625,2003,July,Australia
63.7125,2003,August,Australia
42.2,2003,September,Australia
55.2875,2003,October,Australia
66.45,2003,November,Australia
95.3375,2003,December,Australia
118.6625,2004,January,Australia
85.875,2004,February,Australia
94.7375,2004,March,Australia
31.175,2004,April,Australia
40.5875,2004,May,Australia
52.4625,2004,June,Australia
40.3125,2004,July,Australia
76.9875,2004,August,Australia
38.45,2004,September,Australia
64.3,2004,October,Australia
79.3875,2004,November,Australia
95.5125,2004,December,Australia
87.8875,2005,January,Australia
99.225,2005,February,Australia
62.2375,2005,March,Australia
30.1875,2005,April,Australia
41.7,2005,May,Australia
86.9375,2005,June,Australia
42.7,2005,July,Australia
45.375,2005,August,Australia
61.2375,2005,September,Australia
76.75,2005,October,Australia
86.9125,2005,November,Australia
54.025,2005,December,Australia
116.275,2006,January,Australia
60.925,2006,February,Australia
86.65,2006,March,Australia
76.15,2006,April,Australia
31.45,2006,May,Australia
52.6875,2006,June,Australia
54.725,2006,July,Australia
35.4,2006,August,Australia
49.5875,2006,September,Australia
13.85,2006,October,Australia
40.5875,2006,November,Australia
63.0875,2006,December,Australia
70.725,2007,January,Australia
100.1625,2007,February,Australia
114.175,2007,March,Australia
71.1875,2007,April,Australia
37.55,2007,May,Australia
93.7375,2007,June,Australia
50.5375,2007,July,Australia
54.7,2007,August,Australia
43.7375,2007,September,Australia
31.6125,2007,October,Australia
70.1,2007,November,Australia
100.025,2007,December,Australia
111.375,2008,January,Australia
163.975,2008,February,Australia
61.7875,2008,March,Australia
47.525,2008,April,Australia
31,2008,May,Australia
70.85,2008,June,Australia
79.225,2008,July,Australia
36.9,2008,August,Australia
41.125,2008,September,Australia
47.8,2008,October,Australia
89.4875,2008,November,Australia
97.875,2008,December,Australia
74.25,2009,January,Australia
108.0375,2009,February,Australia
46.675,2009,March,Australia
95.65,2009,April,Australia
102.1625,2009,May,Australia
77.3125,2009,June,Australia
51.0875,2009,July,Australia
43.6375,2009,August,Australia
58.5,2009,September,Australia
50.15,2009,October,Australia
57.225,2009,November,Australia
115.1125,2009,December,Australia
98.1,2010,January,Australia
143.35,2010,February,Australia
90.475,2010,March,Australia
54.6,2010,April,Australia
83.125,2010,May,Australia
45.8,2010,June,Australia
59.525,2010,July,Australia
70.2,2010,August,Australia
61.925,2010,September,Australia
125.025,2010,October,Australia
98.55,2010,November,Australia
158,2010,December,Australia
171.15,2011,January,Australia
201.8,2011,February,Australia
103.35,2011,March,Australia
92.375,2011,April,Australia
49.675,2011,May,Australia
46.15,2011,June,Australia
78.95,2011,July,Australia
54.575,2011,August,Australia
49.1,2011,September,Australia
66.125,2011,October,Australia
90.45,2011,November,Australia
93,2011,December,Australia
147.175,2012,January,Australia
108.85,2012,February,Australia
173.05,2012,March,Australia
68.5,2012,April,Australia
48.975,2012,May,Australia
97.8875,2012,June,Australia
38.225,2012,July,Australia
43.575,2012,August,Australia
40.675,2012,September,Australia
26.725,2012,October,Australia
58.35,2012,November,Australia
51.075,2012,December,Australia
115.55,2013,January,Australia
117.1,2013,February,Australia
97.875,2013,March,Australia
67.0125,2013,April,Australia
51.7125,2013,May,Australia
98.85,2013,June,Australia
65.3125,2013,July,Australia
46.875,2013,August,Australia
64.1,2013,September,Australia
46.875,2013,October,Australia
112.6,2013,November,Australia
52.625,2013,December,Australia
102.3625,2014,January,Australia
88.25,2014,February,Australia
71.725,2014,March,Australia
71.6875,2014,April,Australia
41.4,2014,May,Australia
56.425,2014,June,Australia
48.275,2014,July,Australia
73.0875,2014,August,Australia
40.2,2014,September,Australia
37.95,2014,October,Australia
56.85,2014,November,Australia
70.85,2014,December,Australia
153.0125,2015,January,Australia
99.875,2015,February,Australia
60.5375,2015,March,Australia
106.4,2015,April,Australia
80.2125,2015,May,Australia
53.3,2015,June,Australia
42.975,2015,July,Australia
50.75,2015,August,Australia
40.775,2015,September,Australia
25.425,2015,October,Australia
69.3375,2015,November,Australia
103.45,2015,December,Australia
99.8125,2016,January,Australia
53.15,2016,February,Australia
76.1,2016,March,Australia
31.0125,2016,April,Australia
59.6,2016,May,Australia
137.7125,2016,June,Australia
72.8875,2016,July,Australia
57.3,2016,August,Australia
95.325,2016,September,Australia
62.7625,2016,October,Australia
66.975,2016,November,Australia
111.4625,2016,December,Australia
111.0375,2017,January,Australia
128.2875,2017,February,Australia
172.15,2017,March,Australia
60.4125,2017,April,Australia
34.5,2017,May,Australia
43.1125,2017,June,Australia
49,2017,July,Australia
53.4875,2017,August,Australia
28.625,2017,September,Australia
67.0875,2017,October,Australia
76.8,2017,November,Australia
99.3125,2017,December,Australia
149.725,2018,January,Australia
102.975,2018,February,Australia
83.5875,2018,March,Australia
29.3875,2018,April,Australia
49.375,2018,May,Australia
75.1875,2018,June,Australia
41.3625,2018,July,Australia
47.825,2018,August,Australia
33.3875,2018,September,Australia
65.75,2018,October,Australia
77.0625,2018,November,Australia
64.2125,2018,December,Australia
63.4,2019,January,Australia
53.7125,2019,February,Australia
96.8625,2019,March,Australia
40.075,2019,April,Australia
39.4125,2019,May,Australia
81.1375,2019,June,Australia
37.45,2019,July,Australia
49.4125,2019,August,Australia
34.3,2019,September,Australia
23.575,2019,October,Australia
35.0375,2019,November,Australia
21.6875,2019,December,Australia
101.3375,2020,January,Australia
150.0125,2020,February,Australia
107.8625,2020,March,Australia
70.875,2020,April,Australia
50.7625,2020,May,Australia
59.85,2020,June,Australia
48.5375,2020,July,Australia
65.3875,2020,August,Australia
46.55,2020,September,Australia
95.4875,2020,October,Australia
50.975,2020,November,Australia
103.525,2020,December,Australia
140.4125,2021,January,Australia
94.0375,2021,February,Australia
143.625,2021,March,Australia
45.6125,2021,April,Australia
59.1375,2021,May,Australia
66.75,2021,June,Australia
69.675,2021,July,Australia
44.0375,2021,August,Australia
54.5,2021,September,Australia
91.0625,2021,October,Australia
112.1875,2021,November,Australia
122.925,2021,December,Australia
116.3625,2022,January,Australia
245.1,2022,February,Australia
134.65,2022,March,Australia
89.5375,2022,April,Australia
112.9625,2022,May,Australia
35.65,2022,June,Australia
88.025,2022,July,Australia
76.8125,2022,August,Australia
68.6875,2022,September,Australia
127.675,2022,October,Australia
95.45,2022,November,Australia
112.3125,2022,December,Australia
82.0875,2023,January,Australia
105.5375,2023,February,Australia
66.825,2023,March,Australia
67.1875,2023,April,Australia
48.425,2023,May,Australia
59.4875,2023,June,Australia
35.075,2023,July,Australia
32.2625,2023,August,Australia
23.475,2023,September,Australia
29.4375,2023,October,Australia
75.9875,2023,November,Australia
99.9875,2023,December,Australia
39.1,2000,January,Australian Capital Territory
13.8,2000,February,Australian Capital Territory
39.6,2000,March,Australian Capital Territory
71.4,2000,April,Australian Capital Territory
73.4,2000,May,Australian Capital Territory
29,2000,June,Australian Capital Territory
31.9,2000,July,Australian Capital Territory
82.6,2000,August,Australian Capital Territory
86.5,2000,September,Australian Capital Territory
80.6,2000,October,Australian Capital Territory
153,2000,November,Australian Capital Territory
20.4,2000,December,Australian Capital Territory
48.6,2001,January,Australian Capital Territory
112.2,2001,February,Australian Capital Territory
61.2,2001,March,Australian Capital Territory
10.2,2001,April,Australian Capital Territory
2,2001,May,Australian Capital Territory
42,2001,June,Australian Capital Territory
59,2001,July,Australian Capital Territory
69.6,2001,August,Australian Capital Territory
55,2001,September,Australian Capital Territory
67.4,2001,October,Australian Capital Territory
36,2001,November,Australian Capital Territory
18.4,2001,December,Australian Capital Territory
39.6,2002,January,Australian Capital Territory
214,2002,February,Australian Capital Territory
27,2002,March,Australian Capital Territory
15.6,2002,April,Australian Capital Territory
29.8,2002,May,Australian Capital Territory
49.7,2002,June,Australian Capital Territory
19.6,2002,July,Australian Capital Territory
22.4,2002,August,Australian Capital Territory
66.4,2002,September,Australian Capital Territory
11.1,2002,October,Australian Capital Territory
10.1,2002,November,Australian Capital Territory
20.2,2002,December,Australian Capital Territory
12.8,2003,January,Australian Capital Territory
71.7,2003,February,Australian Capital Territory
58.6,2003,March,Australian Capital Territory
17.2,2003,April,Australian Capital Territory
20.2,2003,May,Australian Capital Territory
47.8,2003,June,Australian Capital Territory
41.8,2003,July,Australian Capital Territory
99.9,2003,August,Australian Capital Territory
42.6,2003,September,Australian Capital Territory
61.1,2003,October,Australian Capital Territory
107.4,2003,November,Australian Capital Territory
92.4,2003,December,Australian Capital Territory
52.1,2004,January,Australian Capital Territory
23.8,2004,February,Australian Capital Territory
7.6,2004,March,Australian Capital Territory
1.4,2004,April,Australian Capital Territory
12.8,2004,May,Australian Capital Territory
20.4,2004,June,Australian Capital Territory
13.8,2004,July,Australian Capital Territory
76.4,2004,August,Australian Capital Territory
48.4,2004,September,Australian Capital Territory
68.2,2004,October,Australian Capital Territory
100.6,2004,November,Australian Capital Territory
96.8,2004,December,Australian Capital Territory
53.4,2005,January,Australian Capital Territory
60.4,2005,February,Australian Capital Territory
55,2005,March,Australian Capital Territory
6.4,2005,April,Australian Capital Territory
0,2005,May,Australian Capital Territory
93.6,2005,June,Australian Capital Territory
93.2,2005,July,Australian Capital Territory
54.4,2005,August,Australian Capital Territory
113.6,2005,September,Australian Capital Territory
69,2005,October,Australian Capital Territory
86,2005,November,Australian Capital Territory
19.8,2005,December,Australian Capital Territory
76.2,2006,January,Australian Capital Territory
34.2,2006,February,Australian Capital Territory
28,2006,March,Australian Capital Territory
15.8,2006,April,Australian Capital Territory
9.2,2006,May,Australian Capital Territory
73.8,2006,June,Australian Capital Territory
45.8,2006,July,Australian Capital Territory
17,2006,August,Australian Capital Territory
17.4,2006,September,Australian Capital Territory
3,2006,October,Australian Capital Territory
40.8,2006,November,Australian Capital Territory
46.6,2006,December,Australian Capital Territory
18,2007,January,Australian Capital Territory
124.4,2007,February,Australian Capital Territory
39.4,2007,March,Australian Capital Territory
34.4,2007,April,Australian Capital Territory
59.6,2007,May,Australian Capital Territory
74.6,2007,June,Australian Capital Territory
30.1,2007,July,Australian Capital Territory
17.8,2007,August,Australian Capital Territory
13.6,2007,September,Australian Capital Territory
44.6,2007,October,Australian Capital Territory
94.2,2007,November,Australian Capital Territory
136,2007,December,Australian Capital Territory
53.2,2008,January,Australian Capital Territory
52.4,2008,February,Australian Capital Territory
32.4,2008,March,Australian Capital Territory
22.4,2008,April,Australian Capital Territory
24.8,2008,May,Australian Capital Territory
31.4,2008,June,Australian Capital Territory
51.4,2008,July,Australian Capital Territory
24.4,2008,August,Australian Capital Territory
48,2008,September,Australian Capital Territory
34.4,2008,October,Australian Capital Territory
82.1,2008,November,Australian Capital Territory
107,2008,December,Australian Capital Territory
38.4,2009,January,Australian Capital Territory
5.3,2009,February,Australian Capital Territory
13.4,2009,March,Australian Capital Territory
113.6,2009,April,Australian Capital Territory
2.6,2009,May,Australian Capital Territory
37.3,2009,June,Australian Capital Territory
49.7,2009,July,Australian Capital Territory
44.1,2009,August,Australian Capital Territory
71.8,2009,September,Australian Capital Territory
49,2009,October,Australian Capital Territory
19.2,2009,November,Australian Capital Territory
88.1,2009,December,Australian Capital Territory
11.8,2010,January,Australian Capital Territory
142.8,2010,February,Australian Capital Territory
100.4,2010,March,Australian Capital Territory
64.8,2010,April,Australian Capital Territory
75,2010,May,Australian Capital Territory
29.6,2010,June,Australian Capital Territory
82.2,2010,July,Australian Capital Territory
98.2,2010,August,Australian Capital Territory
91.2,2010,September,Australian Capital Territory
112.2,2010,October,Australian Capital Territory
145.8,2010,November,Australian Capital Territory
152,2010,December,Australian Capital Territory
58,2011,January,Australian Capital Territory
125.6,2011,February,Australian Capital Territory
56.2,2011,March,Australian Capital Territory
12,2011,April,Australian Capital Territory
16.8,2011,May,Australian Capital Territory
10.8,2011,June,Australian Capital Territory
34.2,2011,July,Australian Capital Territory
64,2011,August,Australian Capital Territory
40,2011,September,Australian Capital Territory
30.6,2011,October,Australian Capital Territory
156.8,2011,November,Australian Capital Territory
92.6,2011,December,Australian Capital Territory
46.6,2012,January,Australian Capital Territory
137.8,2012,February,Australian Capital Territory
242.6,2012,March,Australian Capital Territory
27,2012,April,Australian Capital Territory
30.2,2012,May,Australian Capital Territory
48.7,2012,June,Australian Capital Territory
44.4,2012,July,Australian Capital Territory
49.2,2012,August,Australian Capital Territory
51.4,2012,September,Australian Capital Territory
54.4,2012,October,Australian Capital Territory
37.8,2012,November,Australian Capital Territory
38.6,2012,December,Australian Capital Territory
71.8,2013,January,Australian Capital Territory
61,2013,February,Australian Capital Territory
34.2,2013,March,Australian Capital Territory
9.6,2013,April,Australian Capital Territory
11.8,2013,May,Australian Capital Territory
89.2,2013,June,Australian Capital Territory
48.2,2013,July,Australian Capital Territory
30.8,2013,August,Australian Capital Territory
73.2,2013,September,Australian Capital Territory
13.8,2013,October,Australian Capital Territory
96.4,2013,November,Australian Capital Territory
23.8,2013,December,Australian Capital Territory
5.8,2014,January,Australian Capital Territory
103.2,2014,February,Australian Capital Territory
69.8,2014,March,Australian Capital Territory
85,2014,April,Australian Capital Territory
22,2014,May,Australian Capital Territory
73.2,2014,June,Australian Capital Territory
20,2014,July,Australian Capital Territory
41,2014,August,Australian Capital Territory
38.6,2014,September,Australian Capital Territory
57.4,2014,October,Australian Capital Territory
30.2,2014,November,Australian Capital Territory
90.9,2014,December,Australian Capital Territory
135.5,2015,January,Australian Capital Territory
17.8,2015,February,Australian Capital Territory
13.6,2015,March,Australian Capital Territory
93.6,2015,April,Australian Capital Territory
23.2,2015,May,Australian Capital Territory
72.2,2015,June,Australian Capital Territory
41.3,2015,July,Australian Capital Territory
73.1,2015,August,Australian Capital Territory
16.8,2015,September,Australian Capital Territory
18,2015,October,Australian Capital Territory
103.5,2015,November,Australian Capital Territory
33.4,2015,December,Australian Capital Territory
99,2016,January,Australian Capital Territory
34.4,2016,February,Australian Capital Territory
36.5,2016,March,Australian Capital Territory
7.1,2016,April,Australian Capital Territory
62.4,2016,May,Australian Capital Territory
148.3,2016,June,Australian Capital Territory
85.2,2016,July,Australian Capital Territory
50,2016,August,Australian Capital Territory
153.6,2016,September,Australian Capital Territory
47.7,2016,October,Australian Capital Territory
105,2016,November,Australian Capital Territory
83.7,2016,December,Australian Capital Territory
10.9,2017,January,Australian Capital Territory
21.3,2017,February,Australian Capital Territory
84.9,2017,March,Australian Capital Territory
44.1,2017,April,Australian Capital Territory
46.5,2017,May,Australian Capital Territory
0.4,2017,June,Australian Capital Territory
20.2,2017,July,Australian Capital Territory
51.1,2017,August,Australian Capital Territory
18.7,2017,September,Australian Capital Territory
72.9,2017,October,Australian Capital Territory
87.9,2017,November,Australian Capital Territory
112.9,2017,December,Australian Capital Territory
41.3,2018,January,Australian Capital Territory
72.2,2018,February,Australian Capital Territory
5.7,2018,March,Australian Capital Territory
19.4,2018,April,Australian Capital Territory
18.7,2018,May,Australian Capital Territory
27.7,2018,June,Australian Capital Territory
6.4,2018,July,Australian Capital Territory
30,2018,August,Australian Capital Territory
35.8,2018,September,Australian Capital Territory
14,2018,October,Australian Capital Territory
79,2018,November,Australian Capital Territory
91.7,2018,December,Australian Capital Territory
66,2019,January,Australian Capital Territory
57.2,2019,February,Australian Capital Territory
72.4,2019,March,Australian Capital Territory
9.6,2019,April,Australian Capital Territory
53.7,2019,May,Australian Capital Territory
20.4,2019,June,Australian Capital Territory
8.7,2019,July,Australian Capital Territory
18.8,2019,August,Australian Capital Territory
29.5,2019,September,Australian Capital Territory
20.5,2019,October,Australian Capital Territory
15,2019,November,Australian Capital Territory
1,2019,December,Australian Capital Territory
30.1,2020,January,Australian Capital Territory
80.6,2020,February,Australian Capital Territory
105,2020,March,Australian Capital Territory
91.9,2020,April,Australian Capital Territory
24.7,2020,May,Australian Capital Territory
55.5,2020,June,Australian Capital Territory
32.4,2020,July,Australian Capital Territory
118.1,2020,August,Australian Capital Territory
57.5,2020,September,Australian Capital Territory
144.9,2020,October,Australian Capital Territory
79.7,2020,November,Australian Capital Territory
42,2020,December,Australian Capital Territory
78.4,2021,January,Australian Capital Territory
107.1,2021,February,Australian Capital Territory
131.3,2021,March,Australian Capital Territory
1.6,2021,April,Australian Capital Territory
62.5,2021,May,Australian Capital Territory
120.7,2021,June,Australian Capital Territory
73.2,2021,July,Australian Capital Territory
46,2021,August,Australian Capital Territory
128.5,2021,September,Australian Capital Territory
55.4,2021,October,Australian Capital Territory
194.1,2021,November,Australian Capital Territory
103.4,2021,December,Australian Capital Territory
112.6,2022,January,Australian Capital Territory
69.3,2022,February,Australian Capital Territory
34,2022,March,Australian Capital Territory
83.2,2022,April,Australian Capital Territory
98.9,2022,May,Australian Capital Territory
30.4,2022,June,Australian Capital Territory
24.5,2022,July,Australian Capital Territory
133.9,2022,August,Australian Capital Territory
84.2,2022,September,Australian Capital Territory
200.6,2022,October,Australian Capital Territory
106.8,2022,November,Australian Capital Territory
43.1,2022,December,Australian Capital Territory
77.2,2023,January,Australian Capital Territory
42.4,2023,February,Australian Capital Territory
86.1,2023,March,Australian Capital Territory
99.6,2023,April,Australian Capital Territory
47.2,2023,May,Australian Capital Territory
47.6,2023,June,Australian Capital Territory
11.1,2023,July,Australian Capital Territory
34.3,2023,August,Australian Capital Territory
18.5,2023,September,Australian Capital Territory
35.6,2023,October,Australian Capital Territory
139.9,2023,November,Australian Capital Territory
78,2023,December,Australian Capital Territory
30.9,2000,January,New South Wales
38.1,2000,February,New South Wales
239.8,2000,March,New South Wales
63.5,2000,April,New South Wales
55,2000,May,New South Wales
39.5,2000,June,New South Wales
36.2,2000,July,New South Wales
28.4,2000,August,New South Wales
33.8,2000,September,New South Wales
72.2,2000,October,New South Wales
150.8,2000,November,New South Wales
44.6,2000,December,New South Wales
135.3,2001,January,New South Wales
87,2001,February,New South Wales
75.5,2001,March,New South Wales
130,2001,April,New South Wales
362.8,2001,May,New South Wales
30.6,2001,June,New South Wales
182.9,2001,July,New South Wales
75,2001,August,New South Wales
35.3,2001,September,New South Wales
37.4,2001,October,New South Wales
87,2001,November,New South Wales
56,2001,December,New South Wales
88.1,2002,January,New South Wales
396.8,2002,February,New South Wales
77.6,2002,March,New South Wales
88,2002,April,New South Wales
137.2,2002,May,New South Wales
35,2002,June,New South Wales
29.6,2002,July,New South Wales
30.2,2002,August,New South Wales
39.5,2002,September,New South Wales
6.8,2002,October,New South Wales
46.8,2002,November,New South Wales
82.3,2002,December,New South Wales
13.4,2003,January,New South Wales
60.8,2003,February,New South Wales
161.9,2003,March,New South Wales
207.4,2003,April,New South Wales
405.4,2003,May,New South Wales
56,2003,June,New South Wales
96.9,2003,July,New South Wales
56.4,2003,August,New South Wales
2.8,2003,September,New South Wales
83.2,2003,October,New South Wales
104.5,2003,November,New South Wales
53.5,2003,December,New South Wales
63,2004,January,New South Wales
137,2004,February,New South Wales
109.9,2004,March,New South Wales
21.8,2004,April,New South Wales
14.3,2004,May,New South Wales
55,2004,June,New South Wales
60.3,2004,July,New South Wales
141.5,2004,August,New South Wales
81.4,2004,September,New South Wales
226.8,2004,October,New South Wales
82.9,2004,November,New South Wales
77.1,2004,December,New South Wales
64.5,2005,January,New South Wales
134.8,2005,February,New South Wales
109.5,2005,March,New South Wales
31.3,2005,April,New South Wales
73.6,2005,May,New South Wales
61.4,2005,June,New South Wales
86.2,2005,July,New South Wales
1.6,2005,August,New South Wales
51.9,2005,September,New South Wales
54.4,2005,October,New South Wales
116.1,2005,November,New South Wales
32.6,2005,December,New South Wales
136.6,2006,January,New South Wales
32.8,2006,February,New South Wales
54,2006,March,New South Wales
15,2006,April,New South Wales
46.2,2006,May,New South Wales
251.9,2006,June,New South Wales
178.4,2006,July,New South Wales
72.8,2006,August,New South Wales
144.7,2006,September,New South Wales
17.2,2006,October,New South Wales
49.3,2006,November,New South Wales
94.9,2006,December,New South Wales
70.8,2007,January,New South Wales
115.3,2007,February,New South Wales
65.8,2007,March,New South Wales
311.3,2007,April,New South Wales
8.2,2007,May,New South Wales
394.5,2007,June,New South Wales
55,2007,July,New South Wales
94.6,2007,August,New South Wales
49.5,2007,September,New South Wales
21.7,2007,October,New South Wales
140,2007,November,New South Wales
91.4,2007,December,New South Wales
53.8,2008,January,New South Wales
262.6,2008,February,New South Wales
63.6,2008,March,New South Wales
134.6,2008,April,New South Wales
10,2008,May,New South Wales
132.8,2008,June,New South Wales
145.2,2008,July,New South Wales
80,2008,August,New South Wales
86,2008,September,New South Wales
71.2,2008,October,New South Wales
66.8,2008,November,New South Wales
91.4,2008,December,New South Wales
36.6,2009,January,New South Wales
136.6,2009,February,New South Wales
69.6,2009,March,New South Wales
196.2,2009,April,New South Wales
232.1,2009,May,New South Wales
131.8,2009,June,New South Wales
76.8,2009,July,New South Wales
6.2,2009,August,New South Wales
15.8,2009,September,New South Wales
147.8,2009,October,New South Wales
18,2009,November,New South Wales
76.4,2009,December,New South Wales
36,2010,January,New South Wales
255.8,2010,February,New South Wales
46.6,2010,March,New South Wales
34.2,2010,April,New South Wales
273.2,2010,May,New South Wales
158.6,2010,June,New South Wales
129,2010,July,New South Wales
31,2010,August,New South Wales
46.2,2010,September,New South Wales
104.4,2010,October,New South Wales
127.2,2010,November,New South Wales
109.8,2010,December,New South Wales
76.6,2011,January,New South Wales
17.2,2011,February,New South Wales
236.6,2011,March,New South Wales
201.6,2011,April,New South Wales
144.6,2011,May,New South Wales
87.4,2011,June,New South Wales
293.4,2011,July,New South Wales
46.6,2011,August,New South Wales
73.2,2011,September,New South Wales
40.6,2011,October,New South Wales
172.2,2011,November,New South Wales
90,2011,December,New South Wales
134.6,2012,January,New South Wales
174.6,2012,February,New South Wales
243,2012,March,New South Wales
173.8,2012,April,New South Wales
41.2,2012,May,New South Wales
274.4,2012,June,New South Wales
86.8,2012,July,New South Wales
20.6,2012,August,New South Wales
26.4,2012,September,New South Wales
34,2012,October,New South Wales
50.1,2012,November,New South Wales
45.2,2012,December,New South Wales
174.8,2013,January,New South Wales
177.6,2013,February,New South Wales
67,2013,March,New South Wales
183.7,2013,April,New South Wales
81.9,2013,May,New South Wales
349.8,2013,June,New South Wales
59.5,2013,July,New South Wales
17.8,2013,August,New South Wales
98.4,2013,September,New South Wales
45.6,2013,October,New South Wales
209.2,2013,November,New South Wales
77.4,2013,December,New South Wales
28.1,2014,January,New South Wales
67,2014,February,New South Wales
147.6,2014,March,New South Wales
130.1,2014,April,New South Wales
40.8,2014,May,New South Wales
102.2,2014,June,New South Wales
14.4,2014,July,New South Wales
240.6,2014,August,New South Wales
78.2,2014,September,New South Wales
96.2,2014,October,New South Wales
29.4,2014,November,New South Wales
111.7,2014,December,New South Wales
191.8,2015,January,New South Wales
62.4,2015,February,New South Wales
66.7,2015,March,New South Wales
400.6,2015,April,New South Wales
118.9,2015,May,New South Wales
134.6,2015,June,New South Wales
67.1,2015,July,New South Wales
77.9,2015,August,New South Wales
122.6,2015,September,New South Wales
34.8,2015,October,New South Wales
126.2,2015,November,New South Wales
136,2015,December,New South Wales
277.9,2016,January,New South Wales
78.4,2016,February,New South Wales
228.3,2016,March,New South Wales
69,2016,April,New South Wales
11.8,2016,May,New South Wales
301.6,2016,June,New South Wales
105.7,2016,July,New South Wales
148.2,2016,August,New South Wales
86.8,2016,September,New South Wales
41.4,2016,October,New South Wales
28.8,2016,November,New South Wales
61.4,2016,December,New South Wales
63.2,2017,January,New South Wales
185,2017,February,New South Wales
245.7,2017,March,New South Wales
95.4,2017,April,New South Wales
56.5,2017,May,New South Wales
176,2017,June,New South Wales
23,2017,July,New South Wales
32.6,2017,August,New South Wales
2,2017,September,New South Wales
64.2,2017,October,New South Wales
89.5,2017,November,New South Wales
55,2017,December,New South Wales
49.9,2018,January,New South Wales
92.2,2018,February,New South Wales
117.4,2018,March,New South Wales
54.7,2018,April,New South Wales
34.5,2018,May,New South Wales
276.4,2018,June,New South Wales
8.6,2018,July,New South Wales
9.8,2018,August,New South Wales
76,2018,September,New South Wales
156.6,2018,October,New South Wales
115.3,2018,November,New South Wales
93.3,2018,December,New South Wales
45.3,2019,January,New South Wales
92,2019,February,New South Wales
265.1,2019,March,New South Wales
16.8,2019,April,New South Wales
19.8,2019,May,New South Wales
244.6,2019,June,New South Wales
67,2019,July,New South Wales
70,2019,August,New South Wales
99.6,2019,September,New South Wales
24,2019,October,New South Wales
31.7,2019,November,New South Wales
8.5,2019,December,New South Wales
59.8,2020,January,New South Wales
389.5,2020,February,New South Wales
170.3,2020,March,New South Wales
36.4,2020,April,New South Wales
152.1,2020,May,New South Wales
116.8,2020,June,New South Wales
175.7,2020,July,New South Wales
87.2,2020,August,New South Wales
34.8,2020,September,New South Wales
89.1,2020,October,New South Wales
76.7,2020,November,New South Wales
121.6,2020,December,New South Wales
98,2021,January,New South Wales
120.1,2021,February,New South Wales
396.5,2021,March,New South Wales
61.5,2021,April,New South Wales
75.8,2021,May,New South Wales
94.1,2021,June,New South Wales
41.4,2021,July,New South Wales
98.2,2021,August,New South Wales
50.9,2021,September,New South Wales
62.4,2021,October,New South Wales
142.6,2021,November,New South Wales
159.4,2021,December,New South Wales
121.8,2022,January,New South Wales
422.1,2022,February,New South Wales
562.6,2022,March,New South Wales
326.2,2022,April,New South Wales
230,2022,May,New South Wales
24.2,2022,June,New South Wales
389.4,2022,July,New South Wales
86,2022,August,New South Wales
102.5,2022,September,New South Wales
225.2,2022,October,New South Wales
65.2,2022,November,New South Wales
64.8,2022,December,New South Wales
139,2023,January,New South Wales
168.2,2023,February,New South Wales
56.6,2023,March,New South Wales
137.2,2023,April,New South Wales
94,2023,May,New South Wales
16.9,2023,June,New South Wales
32.9,2023,July,New South Wales
81.2,2023,August,New South Wales
26.5,2023,September,New South Wales
36.4,2023,October,New South Wales
125.6,2023,November,New South Wales
167.4,2023,December,New South Wales
441.2,2000,January,Northern Territory
667.4,2000,February,Northern Territory
363.6,2000,March,Northern Territory
307.6,2000,April,Northern Territory
8.6,2000,May,Northern Territory
0.2,2000,June,Northern Territory
0,2000,July,Northern Territory
0,2000,August,Northern Territory
0.4,2000,September,Northern Territory
77.4,2000,October,Northern Territory
68.8,2000,November,Northern Territory
205.6,2000,December,Northern Territory
262.8,2001,January,Northern Territory
429.4,2001,February,Northern Territory
293.4,2001,March,Northern Territory
47.2,2001,April,Northern Territory
7.4,2001,May,Northern Territory
0,2001,June,Northern Territory
26.6,2001,July,Northern Territory
0,2001,August,Northern Territory
0,2001,September,Northern Territory
30.4,2001,October,Northern Territory
164.6,2001,November,Northern Territory
182,2001,December,Northern Territory
147.6,2002,January,Northern Territory
407.4,2002,February,Northern Territory
247.4,2002,March,Northern Territory
55.8,2002,April,Northern Territory
44.2,2002,May,Northern Territory
0,2002,June,Northern Territory
0,2002,July,Northern Territory
0.2,2002,August,Northern Territory
26.6,2002,September,Northern Territory
9,2002,October,Northern Territory
181.4,2002,November,Northern Territory
94.8,2002,December,Northern Territory
466.2,2003,January,Northern Territory
727.2,2003,February,Northern Territory
121.2,2003,March,Northern Territory
12.2,2003,April,Northern Territory
0,2003,May,Northern Territory
5.8,2003,June,Northern Territory
0.2,2003,July,Northern Territory
0,2003,August,Northern Territory
6.4,2003,September,Northern Territory
51.2,2003,October,Northern Territory
200.6,2003,November,Northern Territory
377.2,2003,December,Northern Territory
460.8,2004,January,Northern Territory
350.4,2004,February,Northern Territory
413.8,2004,March,Northern Territory
60.4,2004,April,Northern Territory
54,2004,May,Northern Territory
50.6,2004,June,Northern Territory
0,2004,July,Northern Territory
0.8,2004,August,Northern Territory
2.8,2004,September,Northern Territory
42.6,2004,October,Northern Territory
105.2,2004,November,Northern Territory
236.8,2004,December,Northern Territory
408,2005,January,Northern Territory
265.4,2005,February,Northern Territory
202.2,2005,March,Northern Territory
68.6,2005,April,Northern Territory
0.6,2005,May,Northern Territory
0,2005,June,Northern Territory
0,2005,July,Northern Territory
1.6,2005,August,Northern Territory
1.4,2005,September,Northern Territory
77,2005,October,Northern Territory
184.4,2005,November,Northern Territory
151,2005,December,Northern Territory
410,2006,January,Northern Territory
227.6,2006,February,Northern Territory
455,2006,March,Northern Territory
396.2,2006,April,Northern Territory
22.4,2006,May,Northern Territory
0,2006,June,Northern Territory
0,2006,July,Northern Territory
0,2006,August,Northern Territory
6.4,2006,September,Northern Territory
1.8,2006,October,Northern Territory
43.6,2006,November,Northern Territory
240,2006,December,Northern Territory
206.8,2007,January,Northern Territory
422.6,2007,February,Northern Territory
689.8,2007,March,Northern Territory
18,2007,April,Northern Territory
18.8,2007,May,Northern Territory
4.2,2007,June,Northern Territory
0,2007,July,Northern Territory
0.4,2007,August,Northern Territory
43.6,2007,September,Northern Territory
13.2,2007,October,Northern Territory
143.2,2007,November,Northern Territory
247.8,2007,December,Northern Territory
515.2,2008,January,Northern Territory
670,2008,February,Northern Territory
264.7,2008,March,Northern Territory
10.2,2008,April,Northern Territory
0,2008,May,Northern Territory
0,2008,June,Northern Territory
0,2008,July,Northern Territory
0,2008,August,Northern Territory
5.2,2008,September,Northern Territory
117,2008,October,Northern Territory
54.6,2008,November,Northern Territory
325.8,2008,December,Northern Territory
411,2009,January,Northern Territory
495.8,2009,February,Northern Territory
115.6,2009,March,Northern Territory
63.6,2009,April,Northern Territory
0.4,2009,May,Northern Territory
0,2009,June,Northern Territory
0,2009,July,Northern Territory
0,2009,August,Northern Territory
34.4,2009,September,Northern Territory
33.4,2009,October,Northern Territory
131,2009,November,Northern Territory
457.2,2009,December,Northern Territory
630.2,2010,January,Northern Territory
428.8,2010,February,Northern Territory
198.4,2010,March,Northern Territory
136.6,2010,April,Northern Territory
66.2,2010,May,Northern Territory
0,2010,June,Northern Territory
0.2,2010,July,Northern Territory
0,2010,August,Northern Territory
40.4,2010,September,Northern Territory
157.8,2010,October,Northern Territory
208.2,2010,November,Northern Territory
390.4,2010,December,Northern Territory
627.2,2011,January,Northern Territory
1110.2,2011,February,Northern Territory
231.6,2011,March,Northern Territory
193,2011,April,Northern Territory
0.6,2011,May,Northern Territory
0,2011,June,Northern Territory
0,2011,July,Northern Territory
0,2011,August,Northern Territory
3.2,2011,September,Northern Territory
141,2011,October,Northern Territory
152,2011,November,Northern Territory
227.2,2011,December,Northern Territory
459.2,2012,January,Northern Territory
250.2,2012,February,Northern Territory
572.4,2012,March,Northern Territory
70.2,2012,April,Northern Territory
51.4,2012,May,Northern Territory
0,2012,June,Northern Territory
0,2012,July,Northern Territory
0,2012,August,Northern Territory
21.2,2012,September,Northern Territory
16.8,2012,October,Northern Territory
79.3,2012,November,Northern Territory
203,2012,December,Northern Territory
219.8,2013,January,Northern Territory
398.4,2013,February,Northern Territory
381,2013,March,Northern Territory
101.6,2013,April,Northern Territory
31.6,2013,May,Northern Territory
0.6,2013,June,Northern Territory
0,2013,July,Northern Territory
2.6,2013,August,Northern Territory
0.2,2013,September,Northern Territory
98.6,2013,October,Northern Territory
314.2,2013,November,Northern Territory
210.8,2013,December,Northern Territory
608.6,2014,January,Northern Territory
369,2014,February,Northern Territory
92.4,2014,March,Northern Territory
177.2,2014,April,Northern Territory
8.6,2014,May,Northern Territory
0,2014,June,Northern Territory
0,2014,July,Northern Territory
0,2014,August,Northern Territory
0,2014,September,Northern Territory
14.8,2014,October,Northern Territory
165.8,2014,November,Northern Territory
111,2014,December,Northern Territory
484.6,2015,January,Northern Territory
353.2,2015,February,Northern Territory
230.8,2015,March,Northern Territory
21.2,2015,April,Northern Territory
13.8,2015,May,Northern Territory
0.4,2015,June,Northern Territory
0,2015,July,Northern Territory
0.2,2015,August,Northern Territory
3.4,2015,September,Northern Territory
42.6,2015,October,Northern Territory
84.2,2015,November,Northern Territory
509.4,2015,December,Northern Territory
169.8,2016,January,Northern Territory
150.4,2016,February,Northern Territory
115.8,2016,March,Northern Territory
46.4,2016,April,Northern Territory
62.4,2016,May,Northern Territory
0,2016,June,Northern Territory
0,2016,July,Northern Territory
0,2016,August,Northern Territory
64.4,2016,September,Northern Territory
130.8,2016,October,Northern Territory
208.2,2016,November,Northern Territory
406.8,2016,December,Northern Territory
470.6,2017,January,Northern Territory
624.8,2017,February,Northern Territory
458.4,2017,March,Northern Territory
184.8,2017,April,Northern Territory
0,2017,May,Northern Territory
0,2017,June,Northern Territory
0,2017,July,Northern Territory
0,2017,August,Northern Territory
0,2017,September,Northern Territory
100.6,2017,October,Northern Territory
174.2,2017,November,Northern Territory
183.6,2017,December,Northern Territory
893,2018,January,Northern Territory
364.2,2018,February,Northern Territory
279.4,2018,March,Northern Territory
43.6,2018,April,Northern Territory
0,2018,May,Northern Territory
0,2018,June,Northern Territory
0,2018,July,Northern Territory
0,2018,August,Northern Territory
32.8,2018,September,Northern Territory
30,2018,October,Northern Territory
204,2018,November,Northern Territory
67.2,2018,December,Northern Territory
362,2019,January,Northern Territory
177.4,2019,February,Northern Territory
174,2019,March,Northern Territory
163.2,2019,April,Northern Territory
31.2,2019,May,Northern Territory
0,2019,June,Northern Territory
0,2019,July,Northern Territory
0.2,2019,August,Northern Territory
0,2019,September,Northern Territory
20.2,2019,October,Northern Territory
87.2,2019,November,Northern Territory
58.6,2019,December,Northern Territory
402.4,2020,January,Northern Territory
216.8,2020,February,Northern Territory
278.2,2020,March,Northern Territory
115.6,2020,April,Northern Territory
1.4,2020,May,Northern Territory
1.2,2020,June,Northern Territory
0,2020,July,Northern Territory
0,2020,August,Northern Territory
87.8,2020,September,Northern Territory
167.8,2020,October,Northern Territory
89,2020,November,Northern Territory
389.6,2020,December,Northern Territory
647.6,2021,January,Northern Territory
305.2,2021,February,Northern Territory
158.2,2021,March,Northern Territory
93,2021,April,Northern Territory
0.2,2021,May,Northern Territory
5.2,2021,June,Northern Territory
0,2021,July,Northern Territory
19,2021,August,Northern Territory
24.8,2021,September,Northern Territory
22.6,2021,October,Northern Territory
124,2021,November,Northern Territory
380,2021,December,Northern Territory
393,2022,January,Northern Territory
352.2,2022,February,Northern Territory
178.4,2022,March,Northern Territory
106.8,2022,April,Northern Territory
0.4,2022,May,Northern Territory
5.2,2022,June,Northern Territory
0,2022,July,Northern Territory
0,2022,August,Northern Territory
12.6,2022,September,Northern Territory
154.8,2022,October,Northern Territory
249.8,2022,November,Northern Territory
519,2022,December,Northern Territory
304.6,2023,January,Northern Territory
500.8,2023,February,Northern Territory
160.4,2023,March,Northern Territory
82.8,2023,April,Northern Territory
0,2023,May,Northern Territory
0,2023,June,Northern Territory
0,2023,July,Northern Territory
0,2023,August,Northern Territory
0,2023,September,Northern Territory
1.6,2023,October,Northern Territory
61.4,2023,November,Northern Territory
253.4,2023,December,Northern Territory
73.6,2000,January,Queensland
67.4,2000,February,Queensland
61.2,2000,March,Queensland
60.2,2000,April,Queensland
60.6,2000,May,Queensland
20,2000,June,Queensland
20.8,2000,July,Queensland
19.2,2000,August,Queensland
5.2,2000,September,Queensland
60.2,2000,October,Queensland
79,2000,November,Queensland
52.2,2000,December,Queensland
24.6,2001,January,Queensland
255.6,2001,February,Queensland
212.4,2001,March,Queensland
26,2001,April,Queensland
57.6,2001,May,Queensland
16.4,2001,June,Queensland
31,2001,July,Queensland
10.2,2001,August,Queensland
14.2,2001,September,Queensland
86.4,2001,October,Queensland
172.8,2001,November,Queensland
77.6,2001,December,Queensland
57.2,2002,January,Queensland
37,2002,February,Queensland
106.6,2002,March,Queensland
39.2,2002,April,Queensland
40,2002,May,Queensland
70.8,2002,June,Queensland
0,2002,July,Queensland
107.8,2002,August,Queensland
16.2,2002,September,Queensland
37.4,2002,October,Queensland
51,2002,November,Queensland
143.2,2002,December,Queensland
6.2,2003,January,Queensland
273.6,2003,February,Queensland
95.4,2003,March,Queensland
87.8,2003,April,Queensland
74.8,2003,May,Queensland
78.4,2003,June,Queensland
21.6,2003,July,Queensland
22.6,2003,August,Queensland
7.8,2003,September,Queensland
90.6,2003,October,Queensland
37.1,2003,November,Queensland
147.4,2003,December,Queensland
262.8,2004,January,Queensland
137.2,2004,February,Queensland
154.6,2004,March,Queensland
36.2,2004,April,Queensland
19.2,2004,May,Queensland
8.8,2004,June,Queensland
2,2004,July,Queensland
23.6,2004,August,Queensland
18.6,2004,September,Queensland
56.4,2004,October,Queensland
100.4,2004,November,Queensland
233.2,2004,December,Queensland
107.6,2005,January,Queensland
29.4,2005,February,Queensland
30.8,2005,March,Queensland
48.8,2005,April,Queensland
54.2,2005,May,Queensland
124.5,2005,June,Queensland
12.4,2005,July,Queensland
23.4,2005,August,Queensland
16.6,2005,September,Queensland
121.4,2005,October,Queensland
118.4,2005,November,Queensland
69.6,2005,December,Queensland
172.6,2006,January,Queensland
62.6,2006,February,Queensland
104.8,2006,March,Queensland
27.2,2006,April,Queensland
14.2,2006,May,Queensland
39.4,2006,June,Queensland
31.6,2006,July,Queensland
27.2,2006,August,Queensland
54.4,2006,September,Queensland
22.4,2006,October,Queensland
85.6,2006,November,Queensland
58.8,2006,December,Queensland
66.4,2007,January,Queensland
98,2007,February,Queensland
30.6,2007,March,Queensland
4.8,2007,April,Queensland
37.6,2007,May,Queensland
106.2,2007,June,Queensland
0.6,2007,July,Queensland
118.4,2007,August,Queensland
54.4,2007,September,Queensland
54,2007,October,Queensland
64,2007,November,Queensland
106.2,2007,December,Queensland
216.4,2008,January,Queensland
188.4,2008,February,Queensland
51.8,2008,March,Queensland
19.6,2008,April,Queensland
67.8,2008,May,Queensland
158.4,2008,June,Queensland
98,2008,July,Queensland
16,2008,August,Queensland
67.2,2008,September,Queensland
92,2008,October,Queensland
310,2008,November,Queensland
88.2,2008,December,Queensland
83.8,2009,January,Queensland
155.8,2009,February,Queensland
44.4,2009,March,Queensland
236.6,2009,April,Queensland
416.6,2009,May,Queensland
115.6,2009,June,Queensland
3.6,2009,July,Queensland
2.6,2009,August,Queensland
13.6,2009,September,Queensland
61.8,2009,October,Queensland
37.8,2009,November,Queensland
188.4,2009,December,Queensland
54.6,2010,January,Queensland
244.8,2010,February,Queensland
197,2010,March,Queensland
78.4,2010,April,Queensland
43.8,2010,May,Queensland
10.6,2010,June,Queensland
38.6,2010,July,Queensland
116.4,2010,August,Queensland
96.6,2010,September,Queensland
389,2010,October,Queensland
55.6,2010,November,Queensland
442.4,2010,December,Queensland
391,2011,January,Queensland
180.8,2011,February,Queensland
154.2,2011,March,Queensland
119,2011,April,Queensland
73.6,2011,May,Queensland
12,2011,June,Queensland
12,2011,July,Queensland
69.4,2011,August,Queensland
12.2,2011,September,Queensland
89.2,2011,October,Queensland
19.2,2011,November,Queensland
128.4,2011,December,Queensland
431.6,2012,January,Queensland
168.6,2012,February,Queensland
176,2012,March,Queensland
139.2,2012,April,Queensland
29.6,2012,May,Queensland
122.4,2012,June,Queensland
60.8,2012,July,Queensland
0.2,2012,August,Queensland
6.6,2012,September,Queensland
26.4,2012,October,Queensland
153.4,2012,November,Queensland
49,2012,December,Queensland
417.2,2013,January,Queensland
204.2,2013,February,Queensland
139.8,2013,March,Queensland
156.8,2013,April,Queensland
67.2,2013,May,Queensland
73.4,2013,June,Queensland
62.6,2013,July,Queensland
0,2013,August,Queensland
25.4,2013,September,Queensland
20,2013,October,Queensland
119.2,2013,November,Queensland
34.4,2013,December,Queensland
138.4,2014,January,Queensland
28.6,2014,February,Queensland
198.4,2014,March,Queensland
17.6,2014,April,Queensland
27,2014,May,Queensland
24.2,2014,June,Queensland
9.4,2014,July,Queensland
97.5,2014,August,Queensland
37,2014,September,Queensland
9,2014,October,Queensland
94.6,2014,November,Queensland
128,2014,December,Queensland
230.2,2015,January,Queensland
276.8,2015,February,Queensland
75.2,2015,March,Queensland
182.2,2015,April,Queensland
263.2,2015,May,Queensland
32.8,2015,June,Queensland
7.8,2015,July,Queensland
32.4,2015,August,Queensland
68.2,2015,September,Queensland
52.2,2015,October,Queensland
114.2,2015,November,Queensland
43.8,2015,December,Queensland
107.8,2016,January,Queensland
120.2,2016,February,Queensland
121,2016,March,Queensland
10.8,2016,April,Queensland
27,2016,May,Queensland
311.6,2016,June,Queensland
24.8,2016,July,Queensland
33.2,2016,August,Queensland
99.8,2016,September,Queensland
24,2016,October,Queensland
53,2016,November,Queensland
121.4,2016,December,Queensland
178.8,2017,January,Queensland
30.2,2017,February,Queensland
491.4,2017,March,Queensland
9.4,2017,April,Queensland
40.4,2017,May,Queensland
80.1,2017,June,Queensland
36.8,2017,July,Queensland
7.8,2017,August,Queensland
4.5,2017,September,Queensland
180.4,2017,October,Queensland
153.6,2017,November,Queensland
157.8,2017,December,Queensland
20.4,2018,January,Queensland
254.6,2018,February,Queensland
190.4,2018,March,Queensland
55,2018,April,Queensland
34.2,2018,May,Queensland
29,2018,June,Queensland
20.3,2018,July,Queensland
19.8,2018,August,Queensland
28.9,2018,September,Queensland
207.6,2018,October,Queensland
18.4,2018,November,Queensland
61.9,2018,December,Queensland
16.3,2019,January,Queensland
45.3,2019,February,Queensland
225,2019,March,Queensland
54.2,2019,April,Queensland
40,2019,May,Queensland
47.9,2019,June,Queensland
13.1,2019,July,Queensland
7.9,2019,August,Queensland
3.1,2019,September,Queensland
34.3,2019,October,Queensland
15.4,2019,November,Queensland
76,2019,December,Queensland
165.6,2020,January,Queensland
387.8,2020,February,Queensland
114.8,2020,March,Queensland
10.9,2020,April,Queensland
11.7,2020,May,Queensland
46.1,2020,June,Queensland
54.2,2020,July,Queensland
13.8,2020,August,Queensland
6.3,2020,September,Queensland
121.1,2020,October,Queensland
5.8,2020,November,Queensland
151.2,2020,December,Queensland
138.1,2021,January,Queensland
115.3,2021,February,Queensland
304.2,2021,March,Queensland
126.4,2021,April,Queensland
92,2021,May,Queensland
21,2021,June,Queensland
56.4,2021,July,Queensland
12.7,2021,August,Queensland
7.4,2021,September,Queensland
162.7,2021,October,Queensland
225,2021,November,Queensland
260.8,2021,December,Queensland
150.9,2022,January,Queensland
1096.2,2022,February,Queensland
187.8,2022,March,Queensland
37.5,2022,April,Queensland
282.8,2022,May,Queensland
7.4,2022,June,Queensland
80.9,2022,July,Queensland
20.8,2022,August,Queensland
91.6,2022,September,Queensland
128.4,2022,October,Queensland
75.2,2022,November,Queensland
92.8,2022,December,Queensland
95.7,2023,January,Queensland
53.5,2023,February,Queensland
98.1,2023,March,Queensland
48.7,2023,April,Queensland
89,2023,May,Queensland
4.8,2023,June,Queensland
34.4,2023,July,Queensland
10.2,2023,August,Queensland
17.4,2023,September,Queensland
22.7,2023,October,Queensland
143.4,2023,November,Queensland
123.1,2023,December,Queensland
3,2000,January,South Australia
57,2000,February,South Australia
26.6,2000,March,South Australia
52.4,2000,April,South Australia
54.8,2000,May,South Australia
74.8,2000,June,South Australia
45.8,2000,July,South Australia
50.6,2000,August,South Australia
59,2000,September,South Australia
66.6,2000,October,South Australia
11.6,2000,November,South Australia
11.8,2000,December,South Australia
2,2001,January,South Australia
10.8,2001,February,South Australia
29.6,2001,March,South Australia
17.6,2001,April,South Australia
78,2001,May,South Australia
80.6,2001,June,South Australia
39.4,2001,July,South Australia
63.8,2001,August,South Australia
96.6,2001,September,South Australia
64,2001,October,South Australia
40.4,2001,November,South Australia
12,2001,December,South Australia
16.2,2002,January,South Australia
0.4,2002,February,South Australia
10.2,2002,March,South Australia
7.6,2002,April,South Australia
65,2002,May,South Australia
45,2002,June,South Australia
70.6,2002,July,South Australia
21.4,2002,August,South Australia
29.6,2002,September,South Australia
15.8,2002,October,South Australia
35.2,2002,November,South Australia
6,2002,December,South Australia
23.4,2003,January,South Australia
59.4,2003,February,South Australia
7.2,2003,March,South Australia
19,2003,April,South Australia
66.4,2003,May,South Australia
100.8,2003,June,South Australia
27.8,2003,July,South Australia
55.2,2003,August,South Australia
30.2,2003,September,South Australia
44.6,2003,October,South Australia
7.2,2003,November,South Australia
15.6,2003,December,South Australia
9.6,2004,January,South Australia
4,2004,February,South Australia
21.4,2004,March,South Australia
16,2004,April,South Australia
43,2004,May,South Australia
83.3,2004,June,South Australia
52.6,2004,July,South Australia
67.2,2004,August,South Australia
46.8,2004,September,South Australia
8.2,2004,October,South Australia
35.6,2004,November,South Australia
38.6,2004,December,South Australia
19.4,2005,January,South Australia
12.2,2005,February,South Australia
17.2,2005,March,South Australia
4,2005,April,South Australia
5.2,2005,May,South Australia
94.2,2005,June,South Australia
31.2,2005,July,South Australia
60,2005,August,South Australia
63.2,2005,September,South Australia
85.2,2005,October,South Australia
51.2,2005,November,South Australia
30.4,2005,December,South Australia
20.8,2006,January,South Australia
25.8,2006,February,South Australia
13.4,2006,March,South Australia
34.2,2006,April,South Australia
30,2006,May,South Australia
11.6,2006,June,South Australia
24,2006,July,South Australia
8.6,2006,August,South Australia
26,2006,September,South Australia
0.6,2006,October,South Australia
20.2,2006,November,South Australia
19.4,2006,December,South Australia
38,2007,January,South Australia
1,2007,February,South Australia
18.8,2007,March,South Australia
75,2007,April,South Australia
35.4,2007,May,South Australia
42,2007,June,South Australia
47.2,2007,July,South Australia
16.8,2007,August,South Australia
20.6,2007,September,South Australia
23.2,2007,October,South Australia
32.6,2007,November,South Australia
36,2007,December,South Australia
10.8,2008,January,South Australia
2.8,2008,February,South Australia
11.6,2008,March,South Australia
29,2008,April,South Australia
43.4,2008,May,South Australia
24.4,2008,June,South Australia
39,2008,July,South Australia
71.2,2008,August,South Australia
12.2,2008,September,South Australia
3,2008,October,South Australia
13.2,2008,November,South Australia
31.4,2008,December,South Australia
0,2009,January,South Australia
0.2,2009,February,South Australia
18.6,2009,March,South Australia
51.2,2009,April,South Australia
51.6,2009,May,South Australia
39,2009,June,South Australia
67.8,2009,July,South Australia
33.2,2009,August,South Australia
51.4,2009,September,South Australia
20.4,2009,October,South Australia
32.2,2009,November,South Australia
14.8,2009,December,South Australia
11,2010,January,South Australia
3.2,2010,February,South Australia
19.8,2010,March,South Australia
63.4,2010,April,South Australia
60.2,2010,May,South Australia
61,2010,June,South Australia
46.8,2010,July,South Australia
77.2,2010,August,South Australia
57.8,2010,September,South Australia
34.2,2010,October,South Australia
18.8,2010,November,South Australia
38.2,2010,December,South Australia
16.2,2011,January,South Australia
38.4,2011,February,South Australia
75.4,2011,March,South Australia
17.6,2011,April,South Australia
36.8,2011,May,South Australia
31.2,2011,June,South Australia
55,2011,July,South Australia
60.2,2011,August,South Australia
40.2,2011,September,South Australia
30.2,2011,October,South Australia
17.6,2011,November,South Australia
25.4,2011,December,South Australia
11.4,2012,January,South Australia
16.4,2012,February,South Australia
55.6,2012,March,South Australia
27.2,2012,April,South Australia
53.4,2012,May,South Australia
114.6,2012,June,South Australia
30.8,2012,July,South Australia
52.6,2012,August,South Australia
18.2,2012,September,South Australia
14.4,2012,October,South Australia
13,2012,November,South Australia
7.2,2012,December,South Australia
11.4,2013,January,South Australia
16,2013,February,South Australia
8,2013,March,South Australia
31.2,2013,April,South Australia
60,2013,May,South Australia
77.8,2013,June,South Australia
96.6,2013,July,South Australia
64,2013,August,South Australia
37.2,2013,September,South Australia
15.4,2013,October,South Australia
4.8,2013,November,South Australia
9.8,2013,December,South Australia
13,2014,January,South Australia
96.6,2014,February,South Australia
12.4,2014,March,South Australia
37.4,2014,April,South Australia
59.2,2014,May,South Australia
94.6,2014,June,South Australia
86.8,2014,July,South Australia
18.6,2014,August,South Australia
31,2014,September,South Australia
6,2014,October,South Australia
23.2,2014,November,South Australia
5.6,2014,December,South Australia
30,2015,January,South Australia
0,2015,February,South Australia
2.6,2015,March,South Australia
50,2015,April,South Australia
52.6,2015,May,South Australia
18.6,2015,June,South Australia
42.2,2015,July,South Australia
36.4,2015,August,South Australia
15.6,2015,September,South Australia
5.6,2015,October,South Australia
14.6,2015,November,South Australia
7.8,2015,December,South Australia
35.6,2016,January,South Australia
14.8,2016,February,South Australia
41.6,2016,March,South Australia
8,2016,April,South Australia
64.2,2016,May,South Australia
72,2016,June,South Australia
95.4,2016,July,South Australia
49,2016,August,South Australia
102.2,2016,September,South Australia
59.6,2016,October,South Australia
30.2,2016,November,South Australia
75.8,2016,December,South Australia
39.4,2017,January,South Australia
32.4,2017,February,South Australia
6.6,2017,March,South Australia
24.8,2017,April,South Australia
27.8,2017,May,South Australia
10.6,2017,June,South Australia
75.2,2017,July,South Australia
82.2,2017,August,South Australia
48.4,2017,September,South Australia
26,2017,October,South Australia
9.4,2017,November,South Australia
31.6,2017,December,South Australia
8.8,2018,January,South Australia
2.8,2018,February,South Australia
5.8,2018,March,South Australia
14.6,2018,April,South Australia
29.4,2018,May,South Australia
33.8,2018,June,South Australia
43.6,2018,July,South Australia
71.2,2018,August,South Australia
20.8,2018,September,South Australia
13,2018,October,South Australia
34.8,2018,November,South Australia
21,2018,December,South Australia
0.2,2019,January,South Australia
6.4,2019,February,South Australia
9,2019,March,South Australia
4.2,2019,April,South Australia
75,2019,May,South Australia
83.4,2019,June,South Australia
36.6,2019,July,South Australia
33.8,2019,August,South Australia
37.4,2019,September,South Australia
15.4,2019,October,South Australia
18.2,2019,November,South Australia
3.4,2019,December,South Australia
17.8,2020,January,South Australia
32.8,2020,February,South Australia
4.8,2020,March,South Australia
88.2,2020,April,South Australia
40.8,2020,May,South Australia
48,2020,June,South Australia
15.2,2020,July,South Australia
34,2020,August,South Australia
42.2,2020,September,South Australia
41.4,2020,October,South Australia
10.8,2020,November,South Australia
17,2020,December,South Australia
26,2021,January,South Australia
18.8,2021,February,South Australia
17.6,2021,March,South Australia
11.2,2021,April,South Australia
30.6,2021,May,South Australia
79.6,2021,June,South Australia
85.4,2021,July,South Australia
39.4,2021,August,South Australia
22,2021,September,South Australia
40.6,2021,October,South Australia
29.8,2021,November,South Australia
1.6,2021,December,South Australia
40,2022,January,South Australia
9,2022,February,South Australia
12,2022,March,South Australia
15,2022,April,South Australia
63.2,2022,May,South Australia
60.8,2022,June,South Australia
21.6,2022,July,South Australia
72.2,2022,August,South Australia
49.2,2022,September,South Australia
44.6,2022,October,South Australia
85.4,2022,November,South Australia
8,2022,December,South Australia
17.8,2023,January,South Australia
12.8,2023,February,South Australia
31.2,2023,March,South Australia
45.8,2023,April,South Australia
62.2,2023,May,South Australia
107,2023,June,South Australia
37.4,2023,July,South Australia
37.6,2023,August,South Australia
20.6,2023,September,South Australia
12,2023,October,South Australia
59,2023,November,South Australia
56.2,2023,December,South Australia
47.8,2000,January,Tasmania
24.2,2000,February,Tasmania
15.2,2000,March,Tasmania
6.8,2000,April,Tasmania
36.8,2000,May,Tasmania
19.8,2000,June,Tasmania
68.6,2000,July,Tasmania
59.6,2000,August,Tasmania
38.6,2000,September,Tasmania
67,2000,October,Tasmania
30,2000,November,Tasmania
40.2,2000,December,Tasmania
8.6,2001,January,Tasmania
3.4,2001,February,Tasmania
40.6,2001,March,Tasmania
67.8,2001,April,Tasmania
41.6,2001,May,Tasmania
80.6,2001,June,Tasmania
21.6,2001,July,Tasmania
76,2001,August,Tasmania
33.4,2001,September,Tasmania
129.8,2001,October,Tasmania
126.8,2001,November,Tasmania
51.6,2001,December,Tasmania
76.6,2002,January,Tasmania
15.2,2002,February,Tasmania
19.2,2002,March,Tasmania
6,2002,April,Tasmania
15,2002,May,Tasmania
73.2,2002,June,Tasmania
26.2,2002,July,Tasmania
57.6,2002,August,Tasmania
95.4,2002,September,Tasmania
55,2002,October,Tasmania
20.2,2002,November,Tasmania
5.8,2002,December,Tasmania
11.4,2003,January,Tasmania
9.6,2003,February,Tasmania
119.6,2003,March,Tasmania
44.4,2003,April,Tasmania
58.4,2003,May,Tasmania
66.6,2003,June,Tasmania
37.4,2003,July,Tasmania
104,2003,August,Tasmania
127,2003,September,Tasmania
19.6,2003,October,Tasmania
1.6,2003,November,Tasmania
43.2,2003,December,Tasmania
76.6,2004,January,Tasmania
15.6,2004,February,Tasmania
30,2004,March,Tasmania
58.6,2004,April,Tasmania
45.2,2004,May,Tasmania
67.4,2004,June,Tasmania
64.4,2004,July,Tasmania
87.4,2004,August,Tasmania
32.6,2004,September,Tasmania
26,2004,October,Tasmania
56.4,2004,November,Tasmania
19.2,2004,December,Tasmania
25.2,2005,January,Tasmania
88.2,2005,February,Tasmania
22.6,2005,March,Tasmania
35.6,2005,April,Tasmania
38.8,2005,May,Tasmania
40.6,2005,June,Tasmania
33.4,2005,July,Tasmania
45.2,2005,August,Tasmania
119,2005,September,Tasmania
87.4,2005,October,Tasmania
59.2,2005,November,Tasmania
75,2005,December,Tasmania
35.2,2006,January,Tasmania
21.6,2006,February,Tasmania
19,2006,March,Tasmania
45.2,2006,April,Tasmania
45.6,2006,May,Tasmania
6.6,2006,June,Tasmania
38.4,2006,July,Tasmania
5.8,2006,August,Tasmania
43.8,2006,September,Tasmania
33,2006,October,Tasmania
27,2006,November,Tasmania
25.4,2006,December,Tasmania
121.4,2007,January,Tasmania
24.2,2007,February,Tasmania
24.2,2007,March,Tasmania
26.2,2007,April,Tasmania
31.2,2007,May,Tasmania
29.6,2007,June,Tasmania
36.8,2007,July,Tasmania
59,2007,August,Tasmania
62.8,2007,September,Tasmania
44,2007,October,Tasmania
7,2007,November,Tasmania
83.4,2007,December,Tasmania
2.8,2008,January,Tasmania
64.8,2008,February,Tasmania
30.8,2008,March,Tasmania
19.6,2008,April,Tasmania
6,2008,May,Tasmania
37.2,2008,June,Tasmania
48.4,2008,July,Tasmania
38.6,2008,August,Tasmania
26.8,2008,September,Tasmania
19.6,2008,October,Tasmania
73.4,2008,November,Tasmania
39.2,2008,December,Tasmania
10,2009,January,Tasmania
59.2,2009,February,Tasmania
70,2009,March,Tasmania
63.8,2009,April,Tasmania
53.2,2009,May,Tasmania
144,2009,June,Tasmania
40.2,2009,July,Tasmania
98.4,2009,August,Tasmania
132.8,2009,September,Tasmania
64.6,2009,October,Tasmania
70.2,2009,November,Tasmania
58.6,2009,December,Tasmania
14.4,2010,January,Tasmania
34.8,2010,February,Tasmania
30.4,2010,March,Tasmania
18.2,2010,April,Tasmania
26.6,2010,May,Tasmania
12.4,2010,June,Tasmania
7.4,2010,July,Tasmania
114,2010,August,Tasmania
93.4,2010,September,Tasmania
46.2,2010,October,Tasmania
95.2,2010,November,Tasmania
31,2010,December,Tasmania
59.8,2011,January,Tasmania
54.4,2011,February,Tasmania
45.4,2011,March,Tasmania
125.2,2011,April,Tasmania
23.6,2011,May,Tasmania
64.4,2011,June,Tasmania
50.2,2011,July,Tasmania
53.2,2011,August,Tasmania
45.6,2011,September,Tasmania
61.2,2011,October,Tasmania
55.2,2011,November,Tasmania
52.4,2011,December,Tasmania
56,2012,January,Tasmania
22.6,2012,February,Tasmania
30.8,2012,March,Tasmania
22,2012,April,Tasmania
92.2,2012,May,Tasmania
33.2,2012,June,Tasmania
18.2,2012,July,Tasmania
57.8,2012,August,Tasmania
68,2012,September,Tasmania
29,2012,October,Tasmania
24.8,2012,November,Tasmania
22,2012,December,Tasmania
11.4,2013,January,Tasmania
23.4,2013,February,Tasmania
48.6,2013,March,Tasmania
21.2,2013,April,Tasmania
23,2013,May,Tasmania
51,2013,June,Tasmania
101.4,2013,July,Tasmania
61,2013,August,Tasmania
40,2013,September,Tasmania
106.6,2013,October,Tasmania
94,2013,November,Tasmania
28.2,2013,December,Tasmania
16.2,2014,January,Tasmania
27.6,2014,February,Tasmania
23.4,2014,March,Tasmania
42,2014,April,Tasmania
30.6,2014,May,Tasmania
20.6,2014,June,Tasmania
95.8,2014,July,Tasmania
46.2,2014,August,Tasmania
19.4,2014,September,Tasmania
49.6,2014,October,Tasmania
34.8,2014,November,Tasmania
78,2014,December,Tasmania
121.6,2015,January,Tasmania
21.6,2015,February,Tasmania
51.2,2015,March,Tasmania
12.4,2015,April,Tasmania
75.8,2015,May,Tasmania
44.2,2015,June,Tasmania
23,2015,July,Tasmania
63.8,2015,August,Tasmania
25,2015,September,Tasmania
14.4,2015,October,Tasmania
40.4,2015,November,Tasmania
35,2015,December,Tasmania
40.2,2016,January,Tasmania
21.8,2016,February,Tasmania
17,2016,March,Tasmania
8.8,2016,April,Tasmania
96,2016,May,Tasmania
115.4,2016,June,Tasmania
79.2,2016,July,Tasmania
15.8,2016,August,Tasmania
94.2,2016,September,Tasmania
83.4,2016,October,Tasmania
65.2,2016,November,Tasmania
56.6,2016,December,Tasmania
60,2017,January,Tasmania
10.4,2017,February,Tasmania
37,2017,March,Tasmania
21.6,2017,April,Tasmania
28.4,2017,May,Tasmania
6.6,2017,June,Tasmania
37.2,2017,July,Tasmania
65,2017,August,Tasmania
46.2,2017,September,Tasmania
33.4,2017,October,Tasmania
46.4,2017,November,Tasmania
101,2017,December,Tasmania
22.2,2018,January,Tasmania
35.2,2018,February,Tasmania
38.6,2018,March,Tasmania
30,2018,April,Tasmania
146.2,2018,May,Tasmania
34.2,2018,June,Tasmania
55.2,2018,July,Tasmania
53.4,2018,August,Tasmania
17.4,2018,September,Tasmania
30.2,2018,October,Tasmania
61.6,2018,November,Tasmania
61,2018,December,Tasmania
0.4,2019,January,Tasmania
35.4,2019,February,Tasmania
18.2,2019,March,Tasmania
32.4,2019,April,Tasmania
23.4,2019,May,Tasmania
19.4,2019,June,Tasmania
46.6,2019,July,Tasmania
100.2,2019,August,Tasmania
34.6,2019,September,Tasmania
17.6,2019,October,Tasmania
40.8,2019,November,Tasmania
16,2019,December,Tasmania
33.6,2020,January,Tasmania
15.8,2020,February,Tasmania
72,2020,March,Tasmania
78,2020,April,Tasmania
15.8,2020,May,Tasmania
84.2,2020,June,Tasmania
11.6,2020,July,Tasmania
103.8,2020,August,Tasmania
35,2020,September,Tasmania
122,2020,October,Tasmania
12.2,2020,November,Tasmania
72.2,2020,December,Tasmania
28.8,2021,January,Tasmania
52,2021,February,Tasmania
59.6,2021,March,Tasmania
23.8,2021,April,Tasmania
28.4,2021,May,Tasmania
59.8,2021,June,Tasmania
14.2,2021,July,Tasmania
50.6,2021,August,Tasmania
71.6,2021,September,Tasmania
160.4,2021,October,Tasmania
90,2021,November,Tasmania
40.8,2021,December,Tasmania
54.4,2022,January,Tasmania
5.4,2022,February,Tasmania
30.6,2022,March,Tasmania
21,2022,April,Tasmania
134.6,2022,May,Tasmania
58.2,2022,June,Tasmania
25.4,2022,July,Tasmania
67,2022,August,Tasmania
59,2022,September,Tasmania
90.2,2022,October,Tasmania
78.6,2022,November,Tasmania
75.6,2022,December,Tasmania
11,2023,January,Tasmania
48.6,2023,February,Tasmania
34.6,2023,March,Tasmania
24.8,2023,April,Tasmania
22.2,2023,May,Tasmania
62.8,2023,June,Tasmania
31,2023,July,Tasmania
16.8,2023,August,Tasmania
38.4,2023,September,Tasmania
69,2023,October,Tasmania
34.4,2023,November,Tasmania
29.2,2023,December,Tasmania
41.2,2000,January,Victoria
34.6,2000,February,Victoria
24.6,2000,March,Victoria
39.6,2000,April,Victoria
78.4,2000,May,Victoria
27.6,2000,June,Victoria
35,2000,July,Victoria
31,2000,August,Victoria
65.2,2000,September,Victoria
124.4,2000,October,Victoria
38.2,2000,November,Victoria
18.4,2000,December,Victoria
7.2,2001,January,Victoria
11.4,2001,February,Victoria
142.2,2001,March,Victoria
96.8,2001,April,Victoria
13.4,2001,May,Victoria
35.6,2001,June,Victoria
10,2001,July,Victoria
43.4,2001,August,Victoria
20.8,2001,September,Victoria
51,2001,October,Victoria
56.6,2001,November,Victoria
50,2001,December,Victoria
33.6,2002,January,Victoria
52,2002,February,Victoria
41,2002,March,Victoria
41,2002,April,Victoria
18.8,2002,May,Victoria
30.6,2002,June,Victoria
31.6,2002,July,Victoria
22.6,2002,August,Victoria
28,2002,September,Victoria
25.4,2002,October,Victoria
18.2,2002,November,Victoria
10.2,2002,December,Victoria
7.6,2003,January,Victoria
17.8,2003,February,Victoria
23,2003,March,Victoria
57,2003,April,Victoria
13,2003,May,Victoria
36.6,2003,June,Victoria
61.2,2003,July,Victoria
50.6,2003,August,Victoria
25.4,2003,September,Victoria
69.8,2003,October,Victoria
26.8,2003,November,Victoria
30.6,2003,December,Victoria
24.4,2004,January,Victoria
9.8,2004,February,Victoria
20.2,2004,March,Victoria
49,2004,April,Victoria
18.2,2004,May,Victoria
24.2,2004,June,Victoria
27.8,2004,July,Victoria
69.4,2004,August,Victoria
47.8,2004,September,Victoria
45.2,2004,October,Victoria
113,2004,November,Victoria
59.2,2004,December,Victoria
24,2005,January,Victoria
200.6,2005,February,Victoria
7.8,2005,March,Victoria
26,2005,April,Victoria
8,2005,May,Victoria
31,2005,June,Victoria
21.8,2005,July,Victoria
57.6,2005,August,Victoria
39.4,2005,September,Victoria
69,2005,October,Victoria
64.6,2005,November,Victoria
48,2005,December,Victoria
50.6,2006,January,Victoria
58.8,2006,February,Victoria
13.2,2006,March,Victoria
43.2,2006,April,Victoria
40.4,2006,May,Victoria
10.4,2006,June,Victoria
39.4,2006,July,Victoria
27.2,2006,August,Victoria
38.4,2006,September,Victoria
8.4,2006,October,Victoria
39,2006,November,Victoria
15.8,2006,December,Victoria
24.2,2007,January,Victoria
13,2007,February,Victoria
39.4,2007,March,Victoria
29.2,2007,April,Victoria
41,2007,May,Victoria
45.4,2007,June,Victoria
41.2,2007,July,Victoria
17.6,2007,August,Victoria
8.2,2007,September,Victoria
5.6,2007,October,Victoria
74.6,2007,November,Victoria
83.2,2007,December,Victoria
38.8,2008,January,Victoria
31.2,2008,February,Victoria
23.2,2008,March,Victoria
9.8,2008,April,Victoria
36.2,2008,May,Victoria
12.6,2008,June,Victoria
38.2,2008,July,Victoria
46,2008,August,Victoria
16.8,2008,September,Victoria
11.4,2008,October,Victoria
46.8,2008,November,Victoria
94.6,2008,December,Victoria
1.6,2009,January,Victoria
6,2009,February,Victoria
35.8,2009,March,Victoria
33.4,2009,April,Victoria
11.2,2009,May,Victoria
19.4,2009,June,Victoria
25.2,2009,July,Victoria
35.6,2009,August,Victoria
55,2009,September,Victoria
20.2,2009,October,Victoria
117,2009,November,Victoria
37.4,2009,December,Victoria
26.8,2010,January,Victoria
36.6,2010,February,Victoria
88,2010,March,Victoria
18,2010,April,Victoria
31.4,2010,May,Victoria
47,2010,June,Victoria
27.4,2010,July,Victoria
64.8,2010,August,Victoria
42,2010,September,Victoria
131.2,2010,October,Victoria
130,2010,November,Victoria
84.2,2010,December,Victoria
97.2,2011,January,Victoria
87.4,2011,February,Victoria
27.4,2011,March,Victoria
44.4,2011,April,Victoria
42.8,2011,May,Victoria
20.2,2011,June,Victoria
22.2,2011,July,Victoria
15.4,2011,August,Victoria
76,2011,September,Victoria
72.8,2011,October,Victoria
112,2011,November,Victoria
60.6,2011,December,Victoria
10.6,2012,January,Victoria
81.6,2012,February,Victoria
64,2012,March,Victoria
35.4,2012,April,Victoria
54,2012,May,Victoria
55.4,2012,June,Victoria
34.2,2012,July,Victoria
50.4,2012,August,Victoria
29.8,2012,September,Victoria
25,2012,October,Victoria
23.6,2012,November,Victoria
18.8,2012,December,Victoria
9.8,2013,January,Victoria
55.2,2013,February,Victoria
44.2,2013,March,Victoria
24.2,2013,April,Victoria
26,2013,May,Victoria
126,2013,June,Victoria
35,2013,July,Victoria
38.2,2013,August,Victoria
66,2013,September,Victoria
42.6,2013,October,Victoria
56.8,2013,November,Victoria
35.8,2013,December,Victoria
8.4,2014,January,Victoria
14,2014,February,Victoria
25.4,2014,March,Victoria
65.6,2014,April,Victoria
17.8,2014,May,Victoria
44.4,2014,June,Victoria
20.6,2014,July,Victoria
31.2,2014,August,Victoria
47.2,2014,September,Victoria
36.4,2014,October,Victoria
50.2,2014,November,Victoria
41.4,2014,December,Victoria
30,2015,January,Victoria
38.8,2015,February,Victoria
22.2,2015,March,Victoria
35.2,2015,April,Victoria
25.4,2015,May,Victoria
23.4,2015,June,Victoria
63.6,2015,July,Victoria
19.4,2015,August,Victoria
27.8,2015,September,Victoria
16.6,2015,October,Victoria
54.2,2015,November,Victoria
44.8,2015,December,Victoria
44.8,2016,January,Victoria
4.4,2016,February,Victoria
27.2,2016,March,Victoria
36.4,2016,April,Victoria
47,2016,May,Victoria
66.4,2016,June,Victoria
63.4,2016,July,Victoria
30.6,2016,August,Victoria
99.8,2016,September,Victoria
77.4,2016,October,Victoria
39.8,2016,November,Victoria
77.4,2016,December,Victoria
25.6,2017,January,Victoria
32.4,2017,February,Victoria
33.4,2017,March,Victoria
103.2,2017,April,Victoria
19.4,2017,May,Victoria
16.4,2017,June,Victoria
17.8,2017,July,Victoria
40,2017,August,Victoria
28,2017,September,Victoria
33.2,2017,October,Victoria
51.6,2017,November,Victoria
124.4,2017,December,Victoria
70.2,2018,January,Victoria
2.2,2018,February,Victoria
30,2018,March,Victoria
7,2018,April,Victoria
60,2018,May,Victoria
71.4,2018,June,Victoria
16.2,2018,July,Victoria
21.6,2018,August,Victoria
16.4,2018,September,Victoria
38.4,2018,October,Victoria
98.6,2018,November,Victoria
116.8,2018,December,Victoria
11.2,2019,January,Victoria
15.2,2019,February,Victoria
6.4,2019,March,Victoria
5,2019,April,Victoria
59.8,2019,May,Victoria
58.4,2019,June,Victoria
26.6,2019,July,Victoria
47.2,2019,August,Victoria
38.4,2019,September,Victoria
33.2,2019,October,Victoria
49.6,2019,November,Victoria
7.8,2019,December,Victoria
100,2020,January,Victoria
56.6,2020,February,Victoria
89.8,2020,March,Victoria
130.8,2020,April,Victoria
49.8,2020,May,Victoria
22.8,2020,June,Victoria
28,2020,July,Victoria
66.8,2020,August,Victoria
27.8,2020,September,Victoria
64.4,2020,October,Victoria
44.8,2020,November,Victoria
30.8,2020,December,Victoria
106.4,2021,January,Victoria
5.2,2021,February,Victoria
49,2021,March,Victoria
13.2,2021,April,Victoria
67.6,2021,May,Victoria
50.4,2021,June,Victoria
24,2021,July,Victoria
35.2,2021,August,Victoria
66.6,2021,September,Victoria
126.8,2021,October,Victoria
86,2021,November,Victoria
34.8,2021,December,Victoria
58.2,2022,January,Victoria
4.8,2022,February,Victoria
67,2022,March,Victoria
68.2,2022,April,Victoria
17.2,2022,May,Victoria
30.6,2022,June,Victoria
38.2,2022,July,Victoria
62,2022,August,Victoria
49,2022,September,Victoria
146,2022,October,Victoria
74.8,2022,November,Victoria
94.2,2022,December,Victoria
11.4,2023,January,Victoria
18,2023,February,Victoria
25,2023,March,Victoria
59.2,2023,April,Victoria
43.4,2023,May,Victoria
37.6,2023,June,Victoria
11,2023,July,Victoria
28.2,2023,August,Victoria
8.2,2023,September,Victoria
51.8,2023,October,Victoria
38,2023,November,Victoria
92.6,2023,December,Victoria
102.4,2000,January,Western Australia
0.2,2000,February,Western Australia
30,2000,March,Western Australia
41,2000,April,Western Australia
20.8,2000,May,Western Australia
95.4,2000,June,Western Australia
216.8,2000,July,Western Australia
130,2000,August,Western Australia
45.4,2000,September,Western Australia
5.4,2000,October,Western Australia
19,2000,November,Western Australia
0.6,2000,December,Western Australia
0.8,2001,January,Western Australia
1.8,2001,February,Western Australia
2.6,2001,March,Western Australia
5,2001,April,Western Australia
99,2001,May,Western Australia
56.2,2001,June,Western Australia
183.8,2001,July,Western Australia
120.8,2001,August,Western Australia
98,2001,September,Western Australia
27,2001,October,Western Australia
22.2,2001,November,Western Australia
5.8,2001,December,Western Australia
10.2,2002,January,Western Australia
1,2002,February,Western Australia
4,2002,March,Western Australia
76.4,2002,April,Western Australia
65.6,2002,May,Western Australia
138.2,2002,June,Western Australia
134.4,2002,July,Western Australia
79.2,2002,August,Western Australia
75,2002,September,Western Australia
38.4,2002,October,Western Australia
23.6,2002,November,Western Australia
2.2,2002,December,Western Australia
0.6,2003,January,Western Australia
19.6,2003,February,Western Australia
60.4,2003,March,Western Australia
44.8,2003,April,Western Australia
84.4,2003,May,Western Australia
158.2,2003,June,Western Australia
154.4,2003,July,Western Australia
121,2003,August,Western Australia
95.4,2003,September,Western Australia
22.2,2003,October,Western Australia
46.4,2003,November,Western Australia
2.8,2003,December,Western Australia
0,2004,January,Western Australia
9.2,2004,February,Western Australia
0.4,2004,March,Western Australia
6,2004,April,Western Australia
118,2004,May,Western Australia
110,2004,June,Western Australia
101.6,2004,July,Western Australia
149.6,2004,August,Western Australia
29.2,2004,September,Western Australia
41,2004,October,Western Australia
41,2004,November,Western Australia
3.2,2004,December,Western Australia
1,2005,January,Western Australia
2.8,2005,February,Western Australia
52.8,2005,March,Western Australia
20.8,2005,April,Western Australia
153.2,2005,May,Western Australia
250.2,2005,June,Western Australia
63.4,2005,July,Western Australia
119.2,2005,August,Western Australia
84.8,2005,September,Western Australia
50.6,2005,October,Western Australia
15.4,2005,November,Western Australia
5.8,2005,December,Western Australia
28.2,2006,January,Western Australia
24,2006,February,Western Australia
5.8,2006,March,Western Australia
32.4,2006,April,Western Australia
43.6,2006,May,Western Australia
27.8,2006,June,Western Australia
80.2,2006,July,Western Australia
124.6,2006,August,Western Australia
65.6,2006,September,Western Australia
24.4,2006,October,Western Australia
19.2,2006,November,Western Australia
3.8,2006,December,Western Australia
20.2,2007,January,Western Australia
2.8,2007,February,Western Australia
5.4,2007,March,Western Australia
70.6,2007,April,Western Australia
68.6,2007,May,Western Australia
53.4,2007,June,Western Australia
193.4,2007,July,Western Australia
113,2007,August,Western Australia
97.2,2007,September,Western Australia
46.6,2007,October,Western Australia
5.2,2007,November,Western Australia
16.2,2007,December,Western Australia
0,2008,January,Western Australia
39.6,2008,February,Western Australia
16.2,2008,March,Western Australia
135,2008,April,Western Australia
59.8,2008,May,Western Australia
170,2008,June,Western Australia
213.6,2008,July,Western Australia
19,2008,August,Western Australia
66.8,2008,September,Western Australia
33.8,2008,October,Western Australia
69,2008,November,Western Australia
5.4,2008,December,Western Australia
12.6,2009,January,Western Australia
5.4,2009,February,Western Australia
6,2009,March,Western Australia
6.8,2009,April,Western Australia
49.6,2009,May,Western Australia
131.4,2009,June,Western Australia
145.4,2009,July,Western Australia
129,2009,August,Western Australia
93.2,2009,September,Western Australia
4,2009,October,Western Australia
32.4,2009,November,Western Australia
0,2009,December,Western Australia
0,2010,January,Western Australia
0,2010,February,Western Australia
43.2,2010,March,Western Australia
23.2,2010,April,Western Australia
88.6,2010,May,Western Australia
47.2,2010,June,Western Australia
144.6,2010,July,Western Australia
60,2010,August,Western Australia
27.8,2010,September,Western Australia
25.2,2010,October,Western Australia
7.6,2010,November,Western Australia
16,2010,December,Western Australia
43.2,2011,January,Western Australia
0.4,2011,February,Western Australia
0,2011,March,Western Australia
26.2,2011,April,Western Australia
58.6,2011,May,Western Australia
143.2,2011,June,Western Australia
164.6,2011,July,Western Australia
127.8,2011,August,Western Australia
102.4,2011,September,Western Australia
63.4,2011,October,Western Australia
38.6,2011,November,Western Australia
67.4,2011,December,Western Australia
27.4,2012,January,Western Australia
19,2012,February,Western Australia
0,2012,March,Western Australia
53.2,2012,April,Western Australia
39.8,2012,May,Western Australia
134.4,2012,June,Western Australia
30.6,2012,July,Western Australia
117.8,2012,August,Western Australia
103.8,2012,September,Western Australia
13.8,2012,October,Western Australia
84.8,2012,November,Western Australia
24.8,2012,December,Western Australia
8.2,2013,January,Western Australia
1,2013,February,Western Australia
60.2,2013,March,Western Australia
7.8,2013,April,Western Australia
112.2,2013,May,Western Australia
23,2013,June,Western Australia
119.2,2013,July,Western Australia
160.6,2013,August,Western Australia
172.4,2013,September,Western Australia
32.4,2013,October,Western Australia
6.2,2013,November,Western Australia
0.8,2013,December,Western Australia
0.4,2014,January,Western Australia
0,2014,February,Western Australia
4.4,2014,March,Western Australia
18.6,2014,April,Western Australia
125.2,2014,May,Western Australia
92.2,2014,June,Western Australia
139.2,2014,July,Western Australia
109.6,2014,August,Western Australia
70.2,2014,September,Western Australia
34.2,2014,October,Western Australia
26.6,2014,November,Western Australia
0.2,2014,December,Western Australia
0.4,2015,January,Western Australia
28.4,2015,February,Western Australia
22,2015,March,Western Australia
56,2015,April,Western Australia
68.8,2015,May,Western Australia
100.2,2015,June,Western Australia
98.8,2015,July,Western Australia
102.8,2015,August,Western Australia
46.8,2015,September,Western Australia
19.2,2015,October,Western Australia
17.4,2015,November,Western Australia
17.4,2015,December,Western Australia
23.4,2016,January,Western Australia
0.8,2016,February,Western Australia
21.4,2016,March,Western Australia
61.6,2016,April,Western Australia
106,2016,May,Western Australia
86.4,2016,June,Western Australia
129.4,2016,July,Western Australia
131.6,2016,August,Western Australia
61.8,2016,September,Western Australia
37.8,2016,October,Western Australia
5.6,2016,November,Western Australia
8.6,2016,December,Western Australia
39.8,2017,January,Western Australia
89.8,2017,February,Western Australia
19.8,2017,March,Western Australia
0,2017,April,Western Australia
57,2017,May,Western Australia
54.8,2017,June,Western Australia
181.8,2017,July,Western Australia
149.2,2017,August,Western Australia
81.2,2017,September,Western Australia
26,2017,October,Western Australia
1.8,2017,November,Western Australia
28.2,2017,December,Western Australia
92,2018,January,Western Australia
0.4,2018,February,Western Australia
1.4,2018,March,Western Australia
10.8,2018,April,Western Australia
72,2018,May,Western Australia
129,2018,June,Western Australia
180.6,2018,July,Western Australia
176.8,2018,August,Western Australia
39,2018,September,Western Australia
36.2,2018,October,Western Australia
4.8,2018,November,Western Australia
0.8,2018,December,Western Australia
5.8,2019,January,Western Australia
0.8,2019,February,Western Australia
4.8,2019,March,Western Australia
35.2,2019,April,Western Australia
12.4,2019,May,Western Australia
175,2019,June,Western Australia
101,2019,July,Western Australia
117.2,2019,August,Western Australia
31.8,2019,September,Western Australia
23.4,2019,October,Western Australia
22.4,2019,November,Western Australia
2.2,2019,December,Western Australia
1.4,2020,January,Western Australia
20.2,2020,February,Western Australia
28,2020,March,Western Australia
15.2,2020,April,Western Australia
109.8,2020,May,Western Australia
104.2,2020,June,Western Australia
71.2,2020,July,Western Australia
99.4,2020,August,Western Australia
81,2020,September,Western Australia
13.2,2020,October,Western Australia
88.8,2020,November,Western Australia
3.8,2020,December,Western Australia
0,2021,January,Western Australia
28.6,2021,February,Western Australia
32.6,2021,March,Western Australia
34.2,2021,April,Western Australia
116,2021,May,Western Australia
103.2,2021,June,Western Australia
262.8,2021,July,Western Australia
51.2,2021,August,Western Australia
64.2,2021,September,Western Australia
97.6,2021,October,Western Australia
6,2021,November,Western Australia
2.6,2021,December,Western Australia
0,2022,January,Western Australia
1.8,2022,February,Western Australia
4.8,2022,March,Western Australia
58.4,2022,April,Western Australia
76.6,2022,May,Western Australia
68.4,2022,June,Western Australia
124.2,2022,July,Western Australia
172.6,2022,August,Western Australia
101.4,2022,September,Western Australia
31.6,2022,October,Western Australia
27.8,2022,November,Western Australia
1,2022,December,Western Australia
0,2023,January,Western Australia
0,2023,February,Western Australia
42.6,2023,March,Western Australia
39.4,2023,April,Western Australia
29.4,2023,May,Western Australia
199.2,2023,June,Western Australia
122.8,2023,July,Western Australia
49.8,2023,August,Western Australia
58.2,2023,September,Western Australia
6.4,2023,October,Western Australia
6.2,2023,November,Western Australia
0,2023,December,Western Australia